标题:元旦春节个人如何防控疫情,
链接：https://s.weibo.com/weibo?q=%23%E5%85%83%E6%97%A6%E6%98%A5%E8%8A%82%E4%B8%AA%E4%BA%BA%E5%A6%82%E4%BD%95%E9%98%B2%E6%8E%A7%E7%96%AB%E6%83%85%23&Refer=new_time,
热度：4767416

标题:金晨 贾乃亮,
链接：https://s.weibo.com/weibo?q=%E9%87%91%E6%99%A8%20%E8%B4%BE%E4%B9%83%E4%BA%AE&Refer=top,
热度：3541502

标题:辽宁新增6例无症状,
链接：https://s.weibo.com/weibo?q=%23%E8%BE%BD%E5%AE%81%E6%96%B0%E5%A2%9E6%E4%BE%8B%E6%97%A0%E7%97%87%E7%8A%B6%23&Refer=top,
热度：2911896

标题:礼享心动季,
链接：https://s.weibo.comjavascript:void(0);,
热度：2474373

标题:黄晓明瘦了20斤,
链接：https://s.weibo.com/weibo?q=%23%E9%BB%84%E6%99%93%E6%98%8E%E7%98%A6%E4%BA%8620%E6%96%A4%23&Refer=top,
热度：2189517

标题:丁真 没放好牛也没实现目标,
链接：https://s.weibo.com/weibo?q=%E4%B8%81%E7%9C%9F%20%E6%B2%A1%E6%94%BE%E5%A5%BD%E7%89%9B%E4%B9%9F%E6%B2%A1%E5%AE%9E%E7%8E%B0%E7%9B%AE%E6%A0%87&Refer=top,
热度：2095769

标题:柳州人是怎么吃螺蛳粉的,
链接：https://s.weibo.comjavascript:void(0);,
热度：1337255

标题:青你3新logo,
链接：https://s.weibo.com/weibo?q=%23%E9%9D%92%E4%BD%A03%E6%96%B0logo%23&Refer=top,
热度：1312970

标题:北京汉庭酒店隔离住客及员工核酸阴性,
链接：https://s.weibo.com/weibo?q=%E5%8C%97%E4%BA%AC%E6%B1%89%E5%BA%AD%E9%85%92%E5%BA%97%E9%9A%94%E7%A6%BB%E4%BD%8F%E5%AE%A2%E5%8F%8A%E5%91%98%E5%B7%A5%E6%A0%B8%E9%85%B8%E9%98%B4%E6%80%A7&Refer=top,
热度：1192478

标题:谢允 这分明是断我的后,
链接：https://s.weibo.com/weibo?q=%E8%B0%A2%E5%85%81%20%E8%BF%99%E5%88%86%E6%98%8E%E6%98%AF%E6%96%AD%E6%88%91%E7%9A%84%E5%90%8E&Refer=top,
热度：1071982

标题:拜登直播接种新冠疫苗,
链接：https://s.weibo.com/weibo?q=%23%E6%8B%9C%E7%99%BB%E7%9B%B4%E6%92%AD%E6%8E%A5%E7%A7%8D%E6%96%B0%E5%86%A0%E7%96%AB%E8%8B%97%23&Refer=top,
热度：1009375

标题:111位影视从业者联名抵制于正郭敬明,
链接：https://s.weibo.com/weibo?q=111%E4%BD%8D%E5%BD%B1%E8%A7%86%E4%BB%8E%E4%B8%9A%E8%80%85%E8%81%94%E5%90%8D%E6%8A%B5%E5%88%B6%E4%BA%8E%E6%AD%A3%E9%83%AD%E6%95%AC%E6%98%8E&Refer=top,
热度：975013

标题:何炅回应收粉丝应援礼,
链接：https://s.weibo.com/weibo?q=%23%E4%BD%95%E7%82%85%E5%9B%9E%E5%BA%94%E6%94%B6%E7%B2%89%E4%B8%9D%E5%BA%94%E6%8F%B4%E7%A4%BC%23&Refer=top,
热度：934166

标题:日本正废除学生校服性别区分,
链接：https://s.weibo.com/weibo?q=%E6%97%A5%E6%9C%AC%E6%AD%A3%E5%BA%9F%E9%99%A4%E5%AD%A6%E7%94%9F%E6%A0%A1%E6%9C%8D%E6%80%A7%E5%88%AB%E5%8C%BA%E5%88%86&Refer=top,
热度：899075

标题:朱军首次回应,
链接：https://s.weibo.com/weibo?q=%23%E6%9C%B1%E5%86%9B%E9%A6%96%E6%AC%A1%E5%9B%9E%E5%BA%94%23&Refer=top,
热度：502056

标题:郴州一落马派出所长押解途中死亡,
链接：https://s.weibo.com/weibo?q=%23%E9%83%B4%E5%B7%9E%E4%B8%80%E8%90%BD%E9%A9%AC%E6%B4%BE%E5%87%BA%E6%89%80%E9%95%BF%E6%8A%BC%E8%A7%A3%E9%80%94%E4%B8%AD%E6%AD%BB%E4%BA%A1%23&Refer=top,
热度：493804

标题:崂山啤酒回应中奖500听仅兑换500毫升,
链接：https://s.weibo.com/weibo?q=%23%E5%B4%82%E5%B1%B1%E5%95%A4%E9%85%92%E5%9B%9E%E5%BA%94%E4%B8%AD%E5%A5%96500%E5%90%AC%E4%BB%85%E5%85%91%E6%8D%A2500%E6%AF%AB%E5%8D%87%23&Refer=top,
热度：490025

标题:社交能力退回到幼儿园水平,
链接：https://s.weibo.com/weibo?q=%23%E7%A4%BE%E4%BA%A4%E8%83%BD%E5%8A%9B%E9%80%80%E5%9B%9E%E5%88%B0%E5%B9%BC%E5%84%BF%E5%9B%AD%E6%B0%B4%E5%B9%B3%23&Refer=top,
热度：481203

标题:迪丽热巴工作室评论,
链接：https://s.weibo.com/weibo?q=%23%E8%BF%AA%E4%B8%BD%E7%83%AD%E5%B7%B4%E5%B7%A5%E4%BD%9C%E5%AE%A4%E8%AF%84%E8%AE%BA%23&Refer=top,
热度：467901

标题:做题家,
链接：https://s.weibo.com/weibo?q=%E5%81%9A%E9%A2%98%E5%AE%B6&Refer=top,
热度：465836

标题:你有学历焦虑吗,
链接：https://s.weibo.com/weibo?q=%23%E4%BD%A0%E6%9C%89%E5%AD%A6%E5%8E%86%E7%84%A6%E8%99%91%E5%90%97%23&Refer=top,
热度：465526

标题:何炅,
链接：https://s.weibo.com/weibo?q=%E4%BD%95%E7%82%85&Refer=top,
热度：454173

标题:快乐大本营 粉丝应援礼物,
链接：https://s.weibo.com/weibo?q=%E5%BF%AB%E4%B9%90%E5%A4%A7%E6%9C%AC%E8%90%A5%20%E7%B2%89%E4%B8%9D%E5%BA%94%E6%8F%B4%E7%A4%BC%E7%89%A9&Refer=top,
热度：447308

标题:南非发现的变异病毒与英国不同,
链接：https://s.weibo.com/weibo?q=%23%E5%8D%97%E9%9D%9E%E5%8F%91%E7%8E%B0%E7%9A%84%E5%8F%98%E5%BC%82%E7%97%85%E6%AF%92%E4%B8%8E%E8%8B%B1%E5%9B%BD%E4%B8%8D%E5%90%8C%23&Refer=top,
热度：436526

标题:王者荣耀,
链接：https://s.weibo.com/weibo?q=%E7%8E%8B%E8%80%85%E8%8D%A3%E8%80%80&Refer=top,
热度：425051

标题:何小鹏回应丰田章男炮轰电动汽车,
链接：https://s.weibo.com/weibo?q=%E4%BD%95%E5%B0%8F%E9%B9%8F%E5%9B%9E%E5%BA%94%E4%B8%B0%E7%94%B0%E7%AB%A0%E7%94%B7%E7%82%AE%E8%BD%B0%E7%94%B5%E5%8A%A8%E6%B1%BD%E8%BD%A6&Refer=top,
热度：415632

标题:沈逸,
链接：https://s.weibo.com/weibo?q=%E6%B2%88%E9%80%B8&Refer=top,
热度：402941

标题:猫能有多傻,
链接：https://s.weibo.com/weibo?q=%23%E7%8C%AB%E8%83%BD%E6%9C%89%E5%A4%9A%E5%82%BB%23&Refer=top,
热度：382422

标题:B站回应被约谈10余次,
链接：https://s.weibo.com/weibo?q=%23B%E7%AB%99%E5%9B%9E%E5%BA%94%E8%A2%AB%E7%BA%A6%E8%B0%8810%E4%BD%99%E6%AC%A1%23&Refer=top,
热度：377568

标题:火箭军新兵结业典礼,
链接：https://s.weibo.com/weibo?q=%23%E7%81%AB%E7%AE%AD%E5%86%9B%E6%96%B0%E5%85%B5%E7%BB%93%E4%B8%9A%E5%85%B8%E7%A4%BC%23&Refer=top,
热度：376231

标题:伦敦,
链接：https://s.weibo.com/weibo?q=%E4%BC%A6%E6%95%A6&Refer=top,
热度：375785

标题:孙坚 配有声文字,
链接：https://s.weibo.com/weibo?q=%E5%AD%99%E5%9D%9A%20%E9%85%8D%E6%9C%89%E5%A3%B0%E6%96%87%E5%AD%97&Refer=top,
热度：347103

标题:金素妍表情变化,
链接：https://s.weibo.com/weibo?q=%E9%87%91%E7%B4%A0%E5%A6%8D%E8%A1%A8%E6%83%85%E5%8F%98%E5%8C%96&Refer=top,
热度：314832

标题:大连,
链接：https://s.weibo.com/weibo?q=%E5%A4%A7%E8%BF%9E&Refer=top,
热度：312122

标题:被幼师扔摔缝8针男童母亲发声,
链接：https://s.weibo.com/weibo?q=%23%E8%A2%AB%E5%B9%BC%E5%B8%88%E6%89%94%E6%91%94%E7%BC%9D8%E9%92%88%E7%94%B7%E7%AB%A5%E6%AF%8D%E4%BA%B2%E5%8F%91%E5%A3%B0%23&Refer=top,
热度：297637

标题:西昌330森林火灾调查结果公布,
链接：https://s.weibo.com/weibo?q=%23%E8%A5%BF%E6%98%8C330%E6%A3%AE%E6%9E%97%E7%81%AB%E7%81%BE%E8%B0%83%E6%9F%A5%E7%BB%93%E6%9E%9C%E5%85%AC%E5%B8%83%23&Refer=top,
热度：286123

标题:江苏面粉公司一工人坠落谷仓身亡,
链接：https://s.weibo.com/weibo?q=%E6%B1%9F%E8%8B%8F%E9%9D%A2%E7%B2%89%E5%85%AC%E5%8F%B8%E4%B8%80%E5%B7%A5%E4%BA%BA%E5%9D%A0%E8%90%BD%E8%B0%B7%E4%BB%93%E8%BA%AB%E4%BA%A1&Refer=top,
热度：284865

标题:怎样才算是富养孩子,
链接：https://s.weibo.com/weibo?q=%23%E6%80%8E%E6%A0%B7%E6%89%8D%E7%AE%97%E6%98%AF%E5%AF%8C%E5%85%BB%E5%AD%A9%E5%AD%90%23&Refer=top,
热度：274303

标题:虞书欣翻跳Pretty Savage,
链接：https://s.weibo.com/weibo?q=%E8%99%9E%E4%B9%A6%E6%AC%A3%E7%BF%BB%E8%B7%B3Pretty%20Savage&Refer=top,
热度：271970

标题:新冠病毒变异速度比流感病毒慢,
链接：https://s.weibo.com/weibo?q=%23%E6%96%B0%E5%86%A0%E7%97%85%E6%AF%92%E5%8F%98%E5%BC%82%E9%80%9F%E5%BA%A6%E6%AF%94%E6%B5%81%E6%84%9F%E7%97%85%E6%AF%92%E6%85%A2%23&Refer=top,
热度：260477

标题:迪丽热巴 黄景瑜,
链接：https://s.weibo.com/weibo?q=%E8%BF%AA%E4%B8%BD%E7%83%AD%E5%B7%B4%20%E9%BB%84%E6%99%AF%E7%91%9C&Refer=top,
热度：239860

标题:大连海洋大学,
链接：https://s.weibo.com/weibo?q=%23%E5%A4%A7%E8%BF%9E%E6%B5%B7%E6%B4%8B%E5%A4%A7%E5%AD%A6%23&Refer=top,
热度：233982

标题:竟然输给了一个穿尿不湿的,
链接：https://s.weibo.com/weibo?q=%23%E7%AB%9F%E7%84%B6%E8%BE%93%E7%BB%99%E4%BA%86%E4%B8%80%E4%B8%AA%E7%A9%BF%E5%B0%BF%E4%B8%8D%E6%B9%BF%E7%9A%84%23&Refer=top,
热度：231980

标题:大连奈雪,
链接：https://s.weibo.com/weibo?q=%E5%A4%A7%E8%BF%9E%E5%A5%88%E9%9B%AA&Refer=top,
热度：216676

标题:小丑竟是我自己,
链接：https://s.weibo.com/weibo?q=%E5%B0%8F%E4%B8%91%E7%AB%9F%E6%98%AF%E6%88%91%E8%87%AA%E5%B7%B1&Refer=top,
热度：215958

标题:大连黑石礁,
链接：https://s.weibo.com/weibo?q=%E5%A4%A7%E8%BF%9E%E9%BB%91%E7%9F%B3%E7%A4%81&Refer=top,
热度：215848

标题:谢允好会撒娇,
链接：https://s.weibo.com/weibo?q=%23%E8%B0%A2%E5%85%81%E5%A5%BD%E4%BC%9A%E6%92%92%E5%A8%87%23&Refer=top,
热度：190210

标题:31省区市新增15例确诊,
链接：https://s.weibo.com/weibo?q=%2331%E7%9C%81%E5%8C%BA%E5%B8%82%E6%96%B0%E5%A2%9E15%E4%BE%8B%E7%A1%AE%E8%AF%8A%23&Refer=top,
热度：189939

标题:辽宁新增2例本土确诊,
链接：https://s.weibo.com/weibo?q=%23%E8%BE%BD%E5%AE%81%E6%96%B0%E5%A2%9E2%E4%BE%8B%E6%9C%AC%E5%9C%9F%E7%A1%AE%E8%AF%8A%23&Refer=top,
热度：187895

标题:2020最后10天,
链接：https://s.weibo.com/weibo?q=%232020%E6%9C%80%E5%90%8E10%E5%A4%A9%23&Refer=top,
热度：184558

