标题:#70个国家将中文纳入教育体系#,
链接:https://s.weibo.com/weibo?q=%2370%E4%B8%AA%E5%9B%BD%E5%AE%B6%E5%B0%86%E4%B8%AD%E6%96%87%E7%BA%B3%E5%85%A5%E6%95%99%E8%82%B2%E4%BD%93%E7%B3%BB%23

标题:#文明校园看北京#,
链接:https://s.weibo.com/weibo?q=%23%E6%96%87%E6%98%8E%E6%A0%A1%E5%9B%AD%E7%9C%8B%E5%8C%97%E4%BA%AC%23

标题:#博鳌乐城这台骨科手术爆赞#,
链接:https://s.weibo.comjavascript:void(0);

标题:#南非发现的变异病毒与英国不同#,
链接:https://s.weibo.com/weibo?q=%23%E5%8D%97%E9%9D%9E%E5%8F%91%E7%8E%B0%E7%9A%84%E5%8F%98%E5%BC%82%E7%97%85%E6%AF%92%E4%B8%8E%E8%8B%B1%E5%9B%BD%E4%B8%8D%E5%90%8C%23

标题:#反有组织犯罪法#,
链接:https://s.weibo.com/weibo?q=%23%E5%8F%8D%E6%9C%89%E7%BB%84%E7%BB%87%E7%8A%AF%E7%BD%AA%E6%B3%95%23

标题:#一带一路美丽乡村论坛#,
链接:https://s.weibo.com/weibo?q=%23%E4%B8%80%E5%B8%A6%E4%B8%80%E8%B7%AF%E7%BE%8E%E4%B8%BD%E4%B9%A1%E6%9D%91%E8%AE%BA%E5%9D%9B%23

标题:#拜登直播接种新冠疫苗#,
链接:https://s.weibo.com/weibo?q=%23%E6%8B%9C%E7%99%BB%E7%9B%B4%E6%92%AD%E6%8E%A5%E7%A7%8D%E6%96%B0%E5%86%A0%E7%96%AB%E8%8B%97%23

标题:#日本正废除学生校服性别区分#,
链接:https://s.weibo.com/weibo?q=%23%E6%97%A5%E6%9C%AC%E6%AD%A3%E5%BA%9F%E9%99%A4%E5%AD%A6%E7%94%9F%E6%A0%A1%E6%9C%8D%E6%80%A7%E5%88%AB%E5%8C%BA%E5%88%86%23

标题:#2020那些难忘的拥抱瞬间#,
链接:https://s.weibo.com/weibo?q=%232020%E9%82%A3%E4%BA%9B%E9%9A%BE%E5%BF%98%E7%9A%84%E6%8B%A5%E6%8A%B1%E7%9E%AC%E9%97%B4%23

标题:#辽宁新增6例无症状#,
链接:https://s.weibo.com/weibo?q=%23%E8%BE%BD%E5%AE%81%E6%96%B0%E5%A2%9E6%E4%BE%8B%E6%97%A0%E7%97%87%E7%8A%B6%23

标题:#点餐浪费或将收厨余垃圾处理费#,
链接:https://s.weibo.com/weibo?q=%23%E7%82%B9%E9%A4%90%E6%B5%AA%E8%B4%B9%E6%88%96%E5%B0%86%E6%94%B6%E5%8E%A8%E4%BD%99%E5%9E%83%E5%9C%BE%E5%A4%84%E7%90%86%E8%B4%B9%23

标题:#九九健康日历#,
链接:https://s.weibo.com/weibo?q=%23%E4%B9%9D%E4%B9%9D%E5%81%A5%E5%BA%B7%E6%97%A5%E5%8E%86%23

标题:#一个词形容我的2020#,
链接:https://s.weibo.com/weibo?q=%23%E4%B8%80%E4%B8%AA%E8%AF%8D%E5%BD%A2%E5%AE%B9%E6%88%91%E7%9A%842020%23

标题:#大连金普新区一社区升为中风险#,
链接:https://s.weibo.com/weibo?q=%23%E5%A4%A7%E8%BF%9E%E9%87%91%E6%99%AE%E6%96%B0%E5%8C%BA%E4%B8%80%E7%A4%BE%E5%8C%BA%E5%8D%87%E4%B8%BA%E4%B8%AD%E9%A3%8E%E9%99%A9%23

标题:#目前我国未发现变异新冠病毒输入#,
链接:https://s.weibo.com/weibo?q=%23%E7%9B%AE%E5%89%8D%E6%88%91%E5%9B%BD%E6%9C%AA%E5%8F%91%E7%8E%B0%E5%8F%98%E5%BC%82%E6%96%B0%E5%86%A0%E7%97%85%E6%AF%92%E8%BE%93%E5%85%A5%23

标题:#反食品浪费法草案提交审议#,
链接:https://s.weibo.com/weibo?q=%23%E5%8F%8D%E9%A3%9F%E5%93%81%E6%B5%AA%E8%B4%B9%E6%B3%95%E8%8D%89%E6%A1%88%E6%8F%90%E4%BA%A4%E5%AE%A1%E8%AE%AE%23

标题:#新冠病毒变异速度比流感病毒慢#,
链接:https://s.weibo.com/weibo?q=%23%E6%96%B0%E5%86%A0%E7%97%85%E6%AF%92%E5%8F%98%E5%BC%82%E9%80%9F%E5%BA%A6%E6%AF%94%E6%B5%81%E6%84%9F%E7%97%85%E6%AF%92%E6%85%A2%23

标题:#火箭军新兵结业典礼#,
链接:https://s.weibo.com/weibo?q=%23%E7%81%AB%E7%AE%AD%E5%86%9B%E6%96%B0%E5%85%B5%E7%BB%93%E4%B8%9A%E5%85%B8%E7%A4%BC%23

标题:#2020最后10天#,
链接:https://s.weibo.com/weibo?q=%232020%E6%9C%80%E5%90%8E10%E5%A4%A9%23

标题:#你有学历焦虑吗#,
链接:https://s.weibo.com/weibo?q=%23%E4%BD%A0%E6%9C%89%E5%AD%A6%E5%8E%86%E7%84%A6%E8%99%91%E5%90%97%23

标题:#崂山啤酒回应中奖500听仅兑换500毫升#,
链接:https://s.weibo.com/weibo?q=%23%E5%B4%82%E5%B1%B1%E5%95%A4%E9%85%92%E5%9B%9E%E5%BA%94%E4%B8%AD%E5%A5%96500%E5%90%AC%E4%BB%85%E5%85%91%E6%8D%A2500%E6%AF%AB%E5%8D%87%23

标题:#王书金案二审维持死刑#,
链接:https://s.weibo.com/weibo?q=%23%E7%8E%8B%E4%B9%A6%E9%87%91%E6%A1%88%E4%BA%8C%E5%AE%A1%E7%BB%B4%E6%8C%81%E6%AD%BB%E5%88%91%23

标题:#被幼师扔摔缝8针男童母亲发声#,
链接:https://s.weibo.com/weibo?q=%23%E8%A2%AB%E5%B9%BC%E5%B8%88%E6%89%94%E6%91%94%E7%BC%9D8%E9%92%88%E7%94%B7%E7%AB%A5%E6%AF%8D%E4%BA%B2%E5%8F%91%E5%A3%B0%23

标题:#新冠病毒环境传人目前在我国还是个例#,
链接:https://s.weibo.com/weibo?q=%23%E6%96%B0%E5%86%A0%E7%97%85%E6%AF%92%E7%8E%AF%E5%A2%83%E4%BC%A0%E4%BA%BA%E7%9B%AE%E5%89%8D%E5%9C%A8%E6%88%91%E5%9B%BD%E8%BF%98%E6%98%AF%E4%B8%AA%E4%BE%8B%23

标题:#辽宁新增2例本土确诊#,
链接:https://s.weibo.com/weibo?q=%23%E8%BE%BD%E5%AE%81%E6%96%B0%E5%A2%9E2%E4%BE%8B%E6%9C%AC%E5%9C%9F%E7%A1%AE%E8%AF%8A%23

标题:#信息网络有组织犯罪认定标准将被规定#,
链接:https://s.weibo.com/weibo?q=%23%E4%BF%A1%E6%81%AF%E7%BD%91%E7%BB%9C%E6%9C%89%E7%BB%84%E7%BB%87%E7%8A%AF%E7%BD%AA%E8%AE%A4%E5%AE%9A%E6%A0%87%E5%87%86%E5%B0%86%E8%A2%AB%E8%A7%84%E5%AE%9A%23

标题:#不建议同时接种新冠疫苗和HPV疫苗#,
链接:https://s.weibo.com/weibo?q=%23%E4%B8%8D%E5%BB%BA%E8%AE%AE%E5%90%8C%E6%97%B6%E6%8E%A5%E7%A7%8D%E6%96%B0%E5%86%A0%E7%96%AB%E8%8B%97%E5%92%8CHPV%E7%96%AB%E8%8B%97%23

标题:#张文宏谈疫苗要不要打#,
链接:https://s.weibo.com/weibo?q=%23%E5%BC%A0%E6%96%87%E5%AE%8F%E8%B0%88%E7%96%AB%E8%8B%97%E8%A6%81%E4%B8%8D%E8%A6%81%E6%89%93%23

标题:#江苏面粉公司一工人坠落谷仓身亡#,
链接:https://s.weibo.com/weibo?q=%23%E6%B1%9F%E8%8B%8F%E9%9D%A2%E7%B2%89%E5%85%AC%E5%8F%B8%E4%B8%80%E5%B7%A5%E4%BA%BA%E5%9D%A0%E8%90%BD%E8%B0%B7%E4%BB%93%E8%BA%AB%E4%BA%A1%23

标题:#多国确认出现变异新冠病毒确诊病例#,
链接:https://s.weibo.com/weibo?q=%23%E5%A4%9A%E5%9B%BD%E7%A1%AE%E8%AE%A4%E5%87%BA%E7%8E%B0%E5%8F%98%E5%BC%82%E6%96%B0%E5%86%A0%E7%97%85%E6%AF%92%E7%A1%AE%E8%AF%8A%E7%97%85%E4%BE%8B%23

标题:#官方辟谣上海将大面积停电#,
链接:https://s.weibo.com/weibo?q=%23%E5%AE%98%E6%96%B9%E8%BE%9F%E8%B0%A3%E4%B8%8A%E6%B5%B7%E5%B0%86%E5%A4%A7%E9%9D%A2%E7%A7%AF%E5%81%9C%E7%94%B5%23

标题:#湖南邵阳垃圾中转站发生爆炸事故#,
链接:https://s.weibo.com/weibo?q=%23%E6%B9%96%E5%8D%97%E9%82%B5%E9%98%B3%E5%9E%83%E5%9C%BE%E4%B8%AD%E8%BD%AC%E7%AB%99%E5%8F%91%E7%94%9F%E7%88%86%E7%82%B8%E4%BA%8B%E6%95%85%23

标题:#从走路都摔跤练成特奥会冠军#,
链接:https://s.weibo.com/weibo?q=%23%E4%BB%8E%E8%B5%B0%E8%B7%AF%E9%83%BD%E6%91%94%E8%B7%A4%E7%BB%83%E6%88%90%E7%89%B9%E5%A5%A5%E4%BC%9A%E5%86%A0%E5%86%9B%23

标题:#31省区市新增15例确诊#,
链接:https://s.weibo.com/weibo?q=%2331%E7%9C%81%E5%8C%BA%E5%B8%82%E6%96%B0%E5%A2%9E15%E4%BE%8B%E7%A1%AE%E8%AF%8A%23

标题:#昆明冬天的颜色#,
链接:https://s.weibo.com/weibo?q=%23%E6%98%86%E6%98%8E%E5%86%AC%E5%A4%A9%E7%9A%84%E9%A2%9C%E8%89%B2%23

标题:#新疆护边员零下35度浴雪训练#,
链接:https://s.weibo.com/weibo?q=%23%E6%96%B0%E7%96%86%E6%8A%A4%E8%BE%B9%E5%91%98%E9%9B%B6%E4%B8%8B35%E5%BA%A6%E6%B5%B4%E9%9B%AA%E8%AE%AD%E7%BB%83%23

标题:#深圳同一天两人被AED救回#,
链接:https://s.weibo.com/weibo?q=%23%E6%B7%B1%E5%9C%B3%E5%90%8C%E4%B8%80%E5%A4%A9%E4%B8%A4%E4%BA%BA%E8%A2%ABAED%E6%95%91%E5%9B%9E%23

标题:#美国新冠肺炎超1795万例#,
链接:https://s.weibo.com/weibo?q=%23%E7%BE%8E%E5%9B%BD%E6%96%B0%E5%86%A0%E8%82%BA%E7%82%8E%E8%B6%851795%E4%B8%87%E4%BE%8B%23

标题:#劳荣枝称自己是男友的性侵和赚钱工具#,
链接:https://s.weibo.com/weibo?q=%23%E5%8A%B3%E8%8D%A3%E6%9E%9D%E7%A7%B0%E8%87%AA%E5%B7%B1%E6%98%AF%E7%94%B7%E5%8F%8B%E7%9A%84%E6%80%A7%E4%BE%B5%E5%92%8C%E8%B5%9A%E9%92%B1%E5%B7%A5%E5%85%B7%23

标题:#大连公布新增2例确诊行动轨迹#,
链接:https://s.weibo.com/weibo?q=%23%E5%A4%A7%E8%BF%9E%E5%85%AC%E5%B8%83%E6%96%B0%E5%A2%9E2%E4%BE%8B%E7%A1%AE%E8%AF%8A%E8%A1%8C%E5%8A%A8%E8%BD%A8%E8%BF%B9%23

标题:#完善低龄未成年人犯罪规定#,
链接:https://s.weibo.com/weibo?q=%23%E5%AE%8C%E5%96%84%E4%BD%8E%E9%BE%84%E6%9C%AA%E6%88%90%E5%B9%B4%E4%BA%BA%E7%8A%AF%E7%BD%AA%E8%A7%84%E5%AE%9A%23

标题:#吴尊友提醒元旦春节病毒传播风险加大#,
链接:https://s.weibo.com/weibo?q=%23%E5%90%B4%E5%B0%8A%E5%8F%8B%E6%8F%90%E9%86%92%E5%85%83%E6%97%A6%E6%98%A5%E8%8A%82%E7%97%85%E6%AF%92%E4%BC%A0%E6%92%AD%E9%A3%8E%E9%99%A9%E5%8A%A0%E5%A4%A7%23

标题:#世卫强调新冠病毒变种尚未造成病情加重#,
链接:https://s.weibo.com/weibo?q=%23%E4%B8%96%E5%8D%AB%E5%BC%BA%E8%B0%83%E6%96%B0%E5%86%A0%E7%97%85%E6%AF%92%E5%8F%98%E7%A7%8D%E5%B0%9A%E6%9C%AA%E9%80%A0%E6%88%90%E7%97%85%E6%83%85%E5%8A%A0%E9%87%8D%23

标题:#劳荣枝拒绝认罪#,
链接:https://s.weibo.com/weibo?q=%23%E5%8A%B3%E8%8D%A3%E6%9E%9D%E6%8B%92%E7%BB%9D%E8%AE%A4%E7%BD%AA%23

标题:#张文宏回应海鲜还能吃吗#,
链接:https://s.weibo.com/weibo?q=%23%E5%BC%A0%E6%96%87%E5%AE%8F%E5%9B%9E%E5%BA%94%E6%B5%B7%E9%B2%9C%E8%BF%98%E8%83%BD%E5%90%83%E5%90%97%23

标题:#30句话记录2020#,
链接:https://s.weibo.com/weibo?q=%2330%E5%8F%A5%E8%AF%9D%E8%AE%B0%E5%BD%952020%23

标题:#西昌330森林火灾调查结果公布#,
链接:https://s.weibo.com/weibo?q=%23%E8%A5%BF%E6%98%8C330%E6%A3%AE%E6%9E%97%E7%81%AB%E7%81%BE%E8%B0%83%E6%9F%A5%E7%BB%93%E6%9E%9C%E5%85%AC%E5%B8%83%23

标题:#变异新冠病毒在英国迅速蔓延#,
链接:https://s.weibo.com/weibo?q=%23%E5%8F%98%E5%BC%82%E6%96%B0%E5%86%A0%E7%97%85%E6%AF%92%E5%9C%A8%E8%8B%B1%E5%9B%BD%E8%BF%85%E9%80%9F%E8%94%93%E5%BB%B6%23

标题:#如何看待江浙兴起的两头婚#,
链接:https://s.weibo.com/weibo?q=%23%E5%A6%82%E4%BD%95%E7%9C%8B%E5%BE%85%E6%B1%9F%E6%B5%99%E5%85%B4%E8%B5%B7%E7%9A%84%E4%B8%A4%E5%A4%B4%E5%A9%9A%23

标题:#元旦春节个人如何防控疫情#,
链接:https://s.weibo.com/weibo?q=%23%E5%85%83%E6%97%A6%E6%98%A5%E8%8A%82%E4%B8%AA%E4%BA%BA%E5%A6%82%E4%BD%95%E9%98%B2%E6%8E%A7%E7%96%AB%E6%83%85%23

